Designator,Quantity,Value,Footprint,Description,LCSC Part #
"U1","1","ESP32-S3-DevKitC-1","DIP-44_W25.4mm","ESP32-S3 Dual-Core Xtensa LX7 @ 240MHz, 8MB Flash","C2913200"
"U2","1","DRV8833PWP","HTSSOP-16_EP","Dual H-Bridge Motor Driver 1.2A RMS / 2A Peak","C50810"
"U3","1","MP1584EN_3A","MODULE_22x17mm","High-Efficiency 3A DC-DC Step-Down Converter","C14256"
"U4","1","TP5100_2S","MODULE_25x17mm","2S 8.4V 2A Switching Li-ion Charger Subsystem","C99321"
"J1","1","JST-XH-2P","JST_XH_B2B-XH-A_1x02_P2.50mm","Motor Left N20 Output","C157924"
"J2","1","JST-XH-2P","JST_XH_B2B-XH-A_1x02_P2.50mm","Motor Right N20 Output","C157924"
"J3","1","JST-XH-4P","JST_XH_B4B-XH-A_1x04_P2.50mm","HC-SR04 Ultrasonic Ranging Transceiver","C157926"
"J4","1","JST-XH-4P","JST_XH_B4B-XH-A_1x04_P2.50mm","0.96 inch 128x64 I2C OLED HUD Display","C157926"
"J5","1","PINHD-1x3","PinHeader_1x03_P2.54mm_Vertical","SG90 Micro Servo Look-Ahead Scanner","C22550"
"J6","1","PINHD-1x4","PinHeader_1x04_P2.54mm_Vertical","BME280 Temp/Pressure/Altitude Sensor","C22551"
"J7","1","JST-XH-2P","JST_XH_B2B-XH-A_1x02_P2.50mm","2S 7.4V 18650 Battery Connector","C157924"
"J8","1","PINHD-1x2","PinHeader_1x02_P2.54mm_Vertical","DC 9V-15V Charger Input Terminal","C22549"
"SW1","1","SPDT_SWITCH","Switch_Slide_1P2T_P2.54mm","Master Power Toggle Switch","C319024"
"C1","1","100uF_16V","CP_Radial_D6.3mm_P2.50mm","Electrolytic Bulk Decoupling Capacitor","C3288"
"C2","1","10uF","R_1206_2012Metric","C2 10uF","C15850"
"C3","1","10uF","R_1206_2012Metric","C3 10uF","C15850"
"C4","1","0.1uF","R_0805_2012Metric","C4 0.1uF","C49678"
"C5","1","0.1uF","R_0805_2012Metric","C5 0.1uF","C49678"
"R1","1","4.7k","R_0805_2012Metric","R1 4.7k","C25900"
"R2","1","4.7k","R_0805_2012Metric","R2 4.7k","C25900"
"R3","1","100k","R_0805_2012Metric","R3 100k","C25803"
"R4","1","100k","R_0805_2012Metric","R4 100k","C25803"
"R5","1","1k","R_0805_2012Metric","R5 1k","C17513"
"D1","1","LED_GRN","R_0805_2012Metric","D1 LED_GRN","C84256"
"R6","1","1k","R_0805_2012Metric","R6 1k","C17513"
"D2","1","LED_BLU","R_0805_2012Metric","D2 LED_BLU","C84267"
"J9","1","PINHD-1x4","PinHeader_1x04_P2.54mm_Vertical","UART0 Serial Telemetry & Flash Port","C22551"
"R7","1","10k","R_0805_2012Metric","R7 10k","C25744"
"R8","1","10k","R_0805_2012Metric","R8 10k","C25744"
