Designator,Val,Package,Mid X,Mid Y,Rotation,Layer
"U1","ESP32-S3-DevKitC-1","DIP-44_W25.4mm",38.700,46.670,0,"Top"
"U2","DRV8833PWP","HTSSOP-16_EP",74.000,42.000,0,"Top"
"U3","MP1584EN_3A","MODULE_22x17mm",15.000,36.000,0,"Top"
"U4","TP5100_2S","MODULE_25x17mm",15.000,60.000,0,"Top"
"J1","JST-XH-2P","JST_XH_B2B-XH-A_1x02_P2.50mm",63.000,15.000,0,"Top"
"J2","JST-XH-2P","JST_XH_B2B-XH-A_1x02_P2.50mm",83.000,15.000,0,"Top"
"J3","JST-XH-4P","JST_XH_B4B-XH-A_1x04_P2.50mm",65.000,73.000,0,"Top"
"J4","JST-XH-4P","JST_XH_B4B-XH-A_1x04_P2.50mm",80.000,73.000,0,"Top"
"J5","PINHD-1x3","PinHeader_1x03_P2.54mm_Vertical",48.000,13.000,0,"Top"
"J6","PINHD-1x4","PinHeader_1x04_P2.54mm_Vertical",88.000,56.000,90,"Top"
"J7","JST-XH-2P","JST_XH_B2B-XH-A_1x02_P2.50mm",34.000,13.000,0,"Top"
"J8","PINHD-1x2","PinHeader_1x02_P2.54mm_Vertical",15.000,13.000,0,"Top"
"SW1","SPDT_SWITCH","Switch_Slide_1P2T_P2.54mm",41.000,13.000,0,"Top"
"C1","100uF_16V","CP_Radial_D6.3mm_P2.50mm",74.000,26.000,0,"Top"
"C2","10uF","R_1206_2012Metric",74.000,32.000,0,"Top"
"C3","10uF","R_1206_2012Metric",11.500,48.000,0,"Top"
"C4","0.1uF","R_0805_2012Metric",79.500,42.000,0,"Top"
"C5","0.1uF","R_0805_2012Metric",26.000,16.000,0,"Top"
"R1","4.7k","R_0805_2012Metric",84.000,67.000,0,"Top"
"R2","4.7k","R_0805_2012Metric",84.000,64.000,0,"Top"
"R3","100k","R_0805_2012Metric",48.000,28.000,0,"Top"
"R4","100k","R_0805_2012Metric",48.000,25.000,0,"Top"
"R5","1k","R_0805_2012Metric",22.000,16.000,0,"Top"
"D1","LED_GRN","R_0805_2012Metric",22.000,13.000,0,"Top"
"R6","1k","R_0805_2012Metric",26.000,13.000,0,"Top"
"D2","LED_BLU","R_0805_2012Metric",26.000,10.500,0,"Top"
"J9","PINHD-1x4","PinHeader_1x04_P2.54mm_Vertical",55.000,13.000,90,"Top"
"R7","10k","R_0805_2012Metric",23.000,22.540,0,"Top"
"R8","10k","R_0805_2012Metric",54.500,53.020,0,"Top"
